"case","engine","status","services","covers"
"profiles_two_level_basic","multilpa","fitted","diagnostics three_step_bch bootstrap_lrt","multilpa two-level, 2 profiles x 2 group classes, diagonal varying"
"profiles_refusal_noise_two_level","multilpa","refused","","noise = TRUE with two group classes is refused"
"profiles_lpa_single_varying","multilpa","fitted","descriptives predict starting_values inference_opg report","lpa() single-level srl (all 5 indicators), 3 profiles, varying diagonal"
"profiles_lpa_single_equal","multilpa","fitted","","lpa() single-level, variance_model = ""equal"""
"profiles_lpa_single_full","multilpa","fitted","","lpa() single-level, covariance_model = ""full"", varying"
"profiles_lpa_single_full_equal","multilpa","fitted","","lpa() single-level, full covariance shared across profiles"
"profiles_lpa_engagement_id_null","multilpa","fitted","","multilpa(id = NULL) on engagement rows: single-level message, 2 profiles"
"profiles_lpa_one_profile","multilpa","fitted","","lpa() with a single profile"
"profiles_two_level_equal","multilpa","fitted","predict starting_values","multilpa two-level, variance_model = ""equal"""
"profiles_two_level_full","multilpa","fitted","inference_opg","multilpa two-level, covariance_model = ""full"" (40 students, so robust/OPG apply)"
"profiles_two_level_three_profiles","multilpa","fitted","","multilpa two-level, 3 profiles x 2 group classes"
"profiles_two_level_one_class","multilpa","fitted","starting_values_measurement diagnostics","multilpa two-level data with one group class"
"profiles_structure_EII","multilpa","fitted","","lpa() single-level, 2 profiles, model = ""EII"" (srl, 150 rows)"
"profiles_structure_VII","multilpa","fitted","","lpa() single-level, 2 profiles, model = ""VII"" (srl, 150 rows)"
"profiles_structure_EEI","multilpa","fitted","","lpa() single-level, 2 profiles, model = ""EEI"" (srl, 150 rows)"
"profiles_structure_VEI","multilpa","fitted","","lpa() single-level, 2 profiles, model = ""VEI"" (srl, 150 rows)"
"profiles_structure_EVI","multilpa","fitted","","lpa() single-level, 2 profiles, model = ""EVI"" (srl, 150 rows)"
"profiles_structure_VVI","multilpa","fitted","","lpa() single-level, 2 profiles, model = ""VVI"" (srl, 150 rows)"
"profiles_structure_EEE","multilpa","fitted","","lpa() single-level, 2 profiles, model = ""EEE"" (srl, 150 rows)"
"profiles_structure_VEE","multilpa","fitted","","lpa() single-level, 2 profiles, model = ""VEE"" (srl, 150 rows)"
"profiles_structure_EVE","multilpa","fitted","","lpa() single-level, 2 profiles, model = ""EVE"" (srl, 150 rows)"
"profiles_structure_VVE","multilpa","fitted","","lpa() single-level, 2 profiles, model = ""VVE"" (srl, 150 rows)"
"profiles_structure_EEV","multilpa","fitted","","lpa() single-level, 2 profiles, model = ""EEV"" (srl, 150 rows)"
"profiles_structure_VEV","multilpa","fitted","","lpa() single-level, 2 profiles, model = ""VEV"" (srl, 150 rows)"
"profiles_structure_EVV","multilpa","fitted","","lpa() single-level, 2 profiles, model = ""EVV"" (srl, 150 rows)"
"profiles_structure_VVV","multilpa","fitted","","lpa() single-level, 2 profiles, model = ""VVV"" (srl, 150 rows)"
"profiles_structure_pieces_VEV","multilpa","fitted","","structure by volume/shape/orientation (varying/equal/varying = VEV)"
"profiles_structure_pieces_EII","multilpa","fitted","","structure by pieces: equal volume, spherical shape (EII)"
"profiles_structure_three_profiles_EVE","multilpa","fitted","","EVE (minorize-maximize orientation step) with 3 profiles"
"profiles_two_level_VEI","multilpa","fitted","inference_bootstrap","two-level multilpa with model = ""VEI"""
"profiles_two_level_EEV","multilpa","fitted","","two-level multilpa with model = ""EEV"""
"profiles_two_level_VVE","multilpa","fitted","","two-level multilpa with model = ""VVE"""
"profiles_refusal_model_and_pieces","multilpa","refused","","model = together with volume/shape/orientation is refused"
"profiles_fiml_two_level","multilpa","fitted","descriptives","missing = ""fiml"", two-level diagonal"
"profiles_fiml_single_full","multilpa","fitted","","missing = ""fiml"", single-level full covariance"
"profiles_refusal_missing_error","multilpa","refused","","missing values under missing = ""error"" are refused"
"profiles_lca_single","multilca","fitted","predict starting_values inference_bootstrap","lca() single-level on 4 binary student_esm items, 2 classes"
"profiles_multilca_two_level","multilca","fitted","diagnostics","multilca() two-level on binary items, 2 classes x 2 group classes"
"profiles_mixed_categorical","multilpa","fitted","","multilpa mixed: 2 continuous (happy, relaxed) + 2 categorical items"
"profiles_ordinal_single","multilpa","fitted","","lpa() with ordinal items (worried, exhausted) + continuous happy"
"profiles_ordinal_two_level","multilpa","fitted","","multilpa two-level with an ordinal item and a categorical item"
"profiles_count_poisson","multilpa","fitted","predict","lpa() with a Poisson count (questions) + continuous score"
"profiles_count_nb_varying","multilpa","fitted","","negative binomial count, count_dispersion = ""varying"""
"profiles_count_nb_equal","multilpa","fitted","","negative binomial count, count_dispersion = ""equal"""
"profiles_count_two_level","multilpa","fitted","inference_bootstrap","multilpa two-level: Poisson count + ordinal + continuous (mixed)"
"profiles_mixed_all_types","multilpa","fitted","","single-level: continuous + categorical + ordinal + count"
"profiles_extra_fiml","multilpa","fitted","","ordinal + count indicators with missing = ""fiml"""
"profiles_refusal_ordinal_fixed","multilpa","refused","","ordinal indicators with fixed = measurement are refused"
"profiles_weights_single","multilpa","fitted","","lpa() with row sampling weights"
"profiles_weights_two_level","multilpa","fitted","","multilpa two-level with group sampling weights"
"profiles_weights_categorical","multilpa","fitted","","weighted two-level fit with categorical indicators"
"profiles_refusal_weights_prior","multilpa","refused","","weights together with prior are refused"
"profiles_prior_VVI","multilpa","fitted","","prior = prior_control(), VVI"
"profiles_prior_EEE","multilpa","fitted","","prior = prior_control(), EEE"
"profiles_prior_VEV_shrinkage","multilpa","fitted","","prior_control(shrinkage = 0.1), VEV"
"profiles_refusal_prior_VEE","multilpa","refused","","prior with VEE (no mclust prior) is refused"
"profiles_fixed_measurement","multilpa","fitted","inference_fix bootstrap_lrt","fixed = ""measurement"" from a one-class stage, 2 group classes"
"profiles_fixed_means","multilpa","fitted","","fixed = ""means"" only"
"profiles_fixed_categorical","multilpa","fitted","","fixed = ""response_probabilities"" on a latent class model"
"profiles_evaluate_only","multilpa","fitted","","max_iter = 0 with start: evaluate a supplied parameter set"
"profiles_user_start","multilpa","fitted","","user start list (means, variances, probabilities), two-level"
"profiles_refusal_fixed_without_start","multilpa","refused","","fixed = ""means"" without start is refused"
"profiles_centering_person","multilpa","fitted","","centering = ""person"", two-level"
"profiles_centering_grand","multilpa","fitted","","centering = ""grand"", two-level"
"profiles_time_sequences","multilpa","fitted","get_tna get_group_tna","time = ""sequence"": sequence tables, get_tna / get_group_tna"
"profiles_acceleration_none","multilpa","fitted","","acceleration = ""none"" (plain EM), two-level"
"profiles_acceleration_squarem_full","multilpa","fitted","","acceleration = ""squarem"" explicit, single-level full covariance"
"profiles_acceleration_none_full","multilpa","fitted","","acceleration = ""none"", single-level full covariance"
"profiles_select_converged","multilpa","fitted","","select_start = ""converged"": max_iter = 60 leaves the best start unconverged, a worse one converged"
"profiles_select_likelihood","multilpa","fitted","","select_start = ""likelihood"" on the same short run (picks the unconverged best)"
"profiles_min_variance_tol","multilpa","fitted","","non-default tol and min_variance"
"profiles_refusal_two_classes_no_id","multilpa","refused","","n_group_classes > 1 with id = NULL is refused"
"profiles_refusal_missing_id","multilpa","refused","","omitting id is refused"
"profiles_refusal_bad_model","multilpa","refused","","an unknown model code is refused"
"cov_profile_shared","covariates","fitted","inference_opg diagnostics inference_bootstrap bootstrap_lrt","two-level, profile_covariates only (row covariate), shared slopes"
"cov_group_only","covariates","fitted","inference_opg diagnostics","two-level, group_covariates only (student-constant covariate)"
"cov_both_shared","covariates","fitted","inference_opg diagnostics","two-level, profile and group covariates, shared slopes"
"cov_slopes_group_class","covariates","fitted","inference_opg","two-level, profile_slopes = group_class (cross-level interaction)"
"cov_one_group_class","covariates","fitted","inference_opg diagnostics","two-level with one group class, profile covariate (pooled LPA logit)"
"cov_single_level","covariates","fitted","inference_opg diagnostics","single level (lpa, id = NULL) with a profile covariate"
"cov_three_profiles_equal","covariates","fitted","","three profiles, variance_model equal, profile covariate"
"cov_fiml","covariates","fitted","inference_opg","profile covariate with missing indicators, missing = fiml"
"cov_full_covariance","covariates","fitted","inference_opg","profile covariate, covariance_model = full"
"cov_categorical_esm","covariates","fitted","inference_opg inference_bootstrap","two continuous + binary categorical (ESM) with a row covariate"
"cov_categorical_boundary","covariates","fitted","inference_opg","categorical indicator at its probability bound with a covariate (Wald refused)"
"cov_ordinal","covariates","fitted","","ordinal indicator (adjacent-category logit) with a profile covariate"
"cov_count_poisson","covariates","fitted","","Poisson count indicator with a profile covariate"
"cov_esm_mixed","covariates","fitted","","ESM: gaussian + ordinal + binary categorical, row covariate day, two levels"
"cov_weights","covariates","fitted","","sampling weights (constant within student) with profile covariate"
"cov_refusal_start","covariates","refused","","refusal: start = with membership covariates"
"cov_refusal_fixed","covariates","refused","","refusal: fixed measurement with membership covariates"
"cov_refusal_missing_covariate","covariates","refused","","refusal: missing values in a membership covariate"
"cov_refusal_slopes_without_covariates","covariates","refused","","refusal: profile_slopes = group_class without profile_covariates"
"family_additive_varying","additive","fitted","inference_opg inference_bootstrap inference_fix","family additive, between_variance varying, 2 group classes (simulated, interior)"
"family_additive_equal","additive","fitted","inference_opg","family additive, between_variance equal"
"family_additive_three_classes","additive","fitted","","family additive, 3 group classes (a between variance at zero: boundary)"
"family_additive_weights","additive","fitted","","family additive with sampling weights (robust default)"
"family_additive_engagement_boundary","additive","fitted","inference_fix","family additive on course_engagement: between variance at zero, Wald refused"
"family_dispersion_equal","additive","fitted","inference_opg","family dispersion (between_variance equal, the only choice)"
"family_dispersion_three_classes","additive","fitted","","family dispersion, 3 group classes (singular information)"
"family_dispersion_varying_refused","additive","refused","","refusal: family dispersion with between_variance varying"
"family_additive_dispersion_varying","additive","fitted","inference_opg","family additive_dispersion, between_variance varying"
"family_additive_dispersion_equal","additive","fitted","","family additive_dispersion, between_variance equal"
"family_additive_dispersion_three_classes","additive","fitted","","family additive_dispersion, varying, 3 group classes (interior)"
"family_restricted_cross_level_varying","cross_level","fitted","","family restricted_cross_level, between varying, profiles varying"
"family_restricted_cross_level_equal","cross_level","fitted","","family restricted_cross_level, between equal, profiles equal"
"family_full_cross_level_varying","cross_level","fitted","","family full_cross_level, between varying, profiles varying"
"family_full_cross_level_equal","cross_level","fitted","","family full_cross_level, between equal, profiles equal"
"family_refusal_categorical","additive","refused","","refusal: additive family with a categorical indicator"
"family_refusal_fiml","additive","refused","","refusal: additive family with missing = fiml"
"family_refusal_covariates","additive","refused","","refusal: additive family with membership covariates"
"family_refusal_cross_level_categorical","cross_level","refused","","refusal: full_cross_level with a categorical indicator"
"family_enumeration","additive","fitted","","enumerate_classes over additive/dispersion/additive_dispersion x 1:2 classes"
"family_bootstrap_lrt","additive","fitted","","bootstrap_lrt additive 1 vs 2 group classes (iter 5, seeded)"
"family_bootstrap_lrt_refused","additive","refused","","refusal: bootstrap_lrt between additive and dispersion (not nested)"
"lta_homogeneous_basic","lta (homogeneous)","fitted","diagnostics descriptives inference_opg get_tna get_group_tna inference_bootstrap","lta() 2 profiles, 1 group class, diagonal varying, 20 students x ~14 courses"
"lta_homogeneous_group_classes","lta (homogeneous)","fitted","get_tna get_group_tna diagnostics","lta() 2 profiles x 2 group classes (mixture of transition matrices)"
"lta_homogeneous_equal_variance","lta (homogeneous)","fitted","","lta() variance_model = equal"
"lta_homogeneous_full_covariance","lta (homogeneous)","fitted","inference_opg","lta() covariance_model = full (varying)"
"lta_homogeneous_model_EEI","lta (homogeneous)","fitted","","lta() model = EEI"
"lta_homogeneous_model_VVI","lta (homogeneous)","fitted","","lta() model = VVI"
"lta_homogeneous_model_EEE","lta (homogeneous)","fitted","","lta() model = EEE"
"lta_homogeneous_model_VVV","lta (homogeneous)","fitted","","lta() model = VVV"
"lta_homogeneous_model_VEI","lta (homogeneous)","fitted","","lta() model = VEI (inference refused for this structure)"
"lta_homogeneous_categorical","lta (homogeneous)","fitted","inference_fix","lta() categorical binary indicators (ESM activities)"
"lta_homogeneous_mixed","lta (homogeneous)","fitted","","lta() mixed indicators: two Gaussian, one categorical factor"
"lta_homogeneous_fiml","lta (homogeneous)","fitted","","lta() missing = fiml with missing indicator values"
"lta_homogeneous_occasions_observed","lta (homogeneous)","fitted","","lta() occasions = observed on a panel with skipped positions"
"lta_homogeneous_occasions_grid","lta (homogeneous)","fitted","","lta() occasions = grid on a panel with skipped positions"
"lta_homogeneous_select_converged","lta (homogeneous)","fitted","inference_fix","lta() select_start = converged, 3 profiles, 2 group classes"
"lta_homogeneous_bootstrap","lta (homogeneous)","fitted","","parameter_inference(method = bootstrap, iter = 5) on a homogeneous fit"
"lta_general_occasion_transitions","lta (general)","fitted","inference_opg","lta() transitions = occasion (one matrix per move)"
"lta_general_order2","lta (general)","fitted","inference_fix","lta() order = 2 (second-order Markov chain)"
"lta_general_mover_stayer","lta (general)","fitted","","lta() mover_stayer = TRUE"
"lta_general_initial_covariates","lta (general)","fitted","","lta() initial_covariates = previous_grade"
"lta_general_occasion_measurement","lta (general)","fitted","","lta() measurement = occasion (non-invariant profiles)"
"lta_general_group_classes","lta (general)","fitted","","lta() n_group_classes = 2 with transition covariates"
"lta_general_full_covariance","lta (general)","fitted","","lta() covariance_model = full with occasion transitions"
"lta_general_model_VEI","lta (general)","fitted","","lta() model = VEI with transition covariates (EM, inference refused)"
"lta_general_categorical","lta (general)","fitted","","lta() categorical indicators with occasion transitions"
"lta_general_ordinal","lta (general)","fitted","","lta() ordinal indicator (adjacent-category logit) with a Gaussian one"
"lta_general_count_poisson","lta (general)","fitted","","lta() Poisson count indicator with a Gaussian one"
"lta_general_count_nb_varying","lta (general)","fitted","","lta() negative binomial count, count_dispersion = varying"
"lta_general_count_nb_equal","lta (general)","fitted","","lta() negative binomial count, count_dispersion = equal"
"lta_general_weights","lta (general)","fitted","","lta() weights (pseudo ML; robust default, observed refused)"
"lta_general_fiml_covariates","lta (general)","fitted","","lta() missing = fiml with transition covariates"
"lta_general_mixed_extensions","lta (general)","fitted","","lta() combination: mixed categorical/ordinal/count indicators, weights, fiml, occasion transitions"
"lta_general_order2_mover_stayer","lta (general)","fitted","","lta() combination: order 2, mover-stayer, occasion transitions"
"lta_general_bootstrap","lta (general)","fitted","","parameter_inference(method = bootstrap, iter = 5) on a covariate transition fit"
"lta_general_weights_bootstrap","lta (general)","fitted","","parameter_inference(method = bootstrap) on a weighted transition fit"
"lta_refusal_one_profile","lta (refusal)","refused","","lta() n_profiles = 1 is refused (latents_bad_transition)"
"lta_refusal_order3","lta (refusal)","refused","","lta() order = 3 is refused"
"lta_refusal_no_time","lta (refusal)","refused","","lta() without time is refused"
"lta_refusal_missing_error","lta (refusal)","refused","","lta() missing indicators under missing = error are refused"
"lta_refusal_bad_model","lta (refusal)","refused","","lta() an unknown covariance structure code is refused"
"lta_bootstrap_lrt_covariates","lta (compare)","fitted","","bootstrap_lrt() homogeneous null vs transition-covariate alternative"
"lta_bootstrap_lrt_group_classes","lta (compare)","fitted","","bootstrap_lrt() 1 vs 2 group classes of homogeneous transition fits"
"lta_refusal_bootstrap_lrt_reversed","lta (compare)","refused","","bootstrap_lrt() with the models in the wrong order is refused"
"lta_enumeration","lta (compare)","fitted","","enumerate_classes(time =) over 2:3 profiles x 1:2 group classes"
"lta_enumeration_structures","lta (compare)","fitted","","enumerate_classes(time =) crossing structures VVI and VEI"
"lta_enumeration_candidate","lta (compare)","fitted","","candidate_fit() picks the 3-profile, 1-class fit out of a transition grid"
"lta_refusal_enumeration_one_profile","lta (compare)","refused","","enumerate_classes(time =) with a one-profile candidate is refused"
"reg_gaussian_single","mixture_regression","fitted","predict","gaussian, single level, 2 classes, varying variance, observed vcov; predict"
"reg_gaussian_equal_variance","mixture_regression","fitted","","gaussian, variance = equal"
"reg_gaussian_common","mixture_regression","fitted","predict","gaussian, common = ~ sleep (coefficient shared across classes)"
"reg_gaussian_membership","mixture_regression","fitted","predict","gaussian, row-level membership = ~ sleep (concomitant logit)"
"reg_gaussian_select_converged","mixture_regression","fitted","","gaussian, select_start = converged"
"reg_gaussian_vcov_robust_clustered","mixture_regression","fitted","","gaussian, observation classes with id and one group class: robust vcov clustered on id"
"reg_gaussian_vcov_opg","mixture_regression","fitted","","gaussian, vcov_type = opg"
"reg_gaussian_vcov_none","mixture_regression","fitted","","gaussian, vcov_type = none (no inference stored)"
"reg_gaussian_weights_rows","mixture_regression","fitted","","gaussian, single-level sampling weights per row (robust default)"
"reg_gaussian_weights_observed_refused","mixture_regression","refused","","weights with vcov_type = observed is refused"
"reg_gaussian_missing_omit","mixture_regression","fitted","","missing = omit drops rows with NA outcome (latents_rows_dropped warning)"
"reg_refusal_missing_error","mixture_regression","refused","","missing = error with NA outcome is refused (latents_missing_data)"
"reg_group_level","mixture_regression","fitted","predict","gaussian, class_level = group (one class per student)"
"reg_group_membership","mixture_regression","fitted","","class_level = group with group-constant membership = ~ motivation"
"reg_group_weights","mixture_regression","fitted","","class_level = group with per-student sampling weights"
"reg_binomial_group","mixture_regression","fitted","predict","binomial (0/1 outcome), class_level = group"
"reg_binomial_cbind","mixture_regression","fitted","predict","binomial with cbind(successes, failures), single level"
"reg_poisson","mixture_regression","fitted","predict","poisson, single level"
"reg_poisson_offset","mixture_regression","fitted","","poisson with offset(log(exposure)) and class_level = group"
"reg_refusal_binary_rows","mixture_regression","refused","","binary outcome with one trial per class assignment is refused"
"reg_refusal_group_without_id","mixture_regression","refused","","class_level = group without id is refused"
"reg_refusal_poisson_noninteger","mixture_regression","refused","","poisson on a non-count outcome is refused"
"reg_enumerate","enumerate_regressions","fitted","","enumerate_regressions over 1:2 classes, no bootstrap"
"reg_enumerate_bootstrap","enumerate_regressions","fitted","","enumerate_regressions with a 3-replicate BLRT (bootstrap_starts = 2)"
"reg_compare_models","compare_models","fitted","","compare_models over 1-, 2- and 3-class single-level regressions"
"svc_enumerate_lpa_basic","enumeration","fitted","","enumerate_lpa(): 1-3 profiles x the four basic structures (EEI/VVI/EEE/VVV)"
"svc_enumerate_lpa_all_structures","enumeration","fitted","","enumerate_lpa(model = ""all""): all 14 structures at 2 profiles"
"svc_enumerate_lca","enumeration","fitted","","enumerate_lca(): 1-3 classes on four binary ESM items"
"svc_enumerate_classes_two_level","enumeration","fitted","","enumerate_classes(): two-level grid, 1-2 profiles x 1-2 group classes x EEI/VVI"
"svc_candidate_fit","enumeration","fitted","","candidate_fit() picks the 2x2 VVI fit out of a two-level grid"
"svc_candidate_fit_ambiguous","enumeration","refused","","candidate_fit() by counts alone over a multi-structure grid is refused"
"svc_bootstrap_lrt_lpa","bootstrap_lrt","fitted","bootstrap_lrt","bootstrap_lrt(): single-level LPA 2 vs 3 profiles, 5 replicates"
"svc_bootstrap_lrt_lca","bootstrap_lrt","fitted","bootstrap_lrt","bootstrap_lrt(): LCA 1 vs 2 classes on binary items, 5 replicates"
"svc_bootstrap_lrt_fiml","bootstrap_lrt","fitted","bootstrap_lrt","bootstrap_lrt() with missing = ""fiml"": LPA 1 vs 2 profiles"
"svc_bootstrap_lrt_profiles","bootstrap_lrt","fitted","bootstrap_lrt","bootstrap_lrt(): two-level 1 vs 2 profiles (one group class)"
"svc_bootstrap_lrt_covariates","bootstrap_lrt","fitted","bootstrap_lrt","bootstrap_lrt(): covariate model (profile covariate z), 2 vs 3 profiles"
"svc_bootstrap_lrt_mixed_families","bootstrap_lrt","fitted","bootstrap_lrt","bootstrap_lrt() of a plain null against a covariate alternative: refused (currently by an unclassed error)"
"svc_bootstrap_lrt_fixed","bootstrap_lrt","fitted","bootstrap_lrt","bootstrap_lrt(): fixed measurement, 1 vs 2 group classes (fit_staged alternative, fixed = ""measurement"" null)"
"svc_fit_staged_one_class","fit_staged","refused","","fit_staged(n_group_classes = 1) is refused (currently by an unclassed error)"
"svc_inference_lpa","inference","fitted","inference_opg inference_bootstrap","parameter_inference(): Wald observed/robust/OPG and bootstrap (5) on a single-level LPA"
"svc_inference_lpa_full","inference","fitted","inference_opg inference_bootstrap","parameter_inference(): Wald and bootstrap on a VVV single-level LPA"
"svc_inference_two_level","inference","fitted","inference_opg inference_bootstrap inference_fix","parameter_inference(): Wald (all three), bootstrap and boundary = ""fix"" on a two-level fit"
"svc_inference_boundary_lca","inference","fitted","inference_fix inference_opg","a covariate LCA with a response probability at its floor: Wald refused, boundary = ""fix"" holds it"
"svc_inference_bootstrap_lca","inference","fitted","inference_bootstrap","parameter_inference(method = ""bootstrap"") on a categorical LCA (5 replicates)"
"svc_inference_bootstrap_mixed_extra","inference","fitted","inference_bootstrap","bootstrap inference on a mixed ordinal + count (Poisson) + continuous LPA"
"svc_inference_bootstrap_vei","inference","fitted","inference_bootstrap inference_opg","bootstrap inference on a constrained VEI structure"
"svc_inference_bootstrap_staged","inference","fitted","inference_bootstrap","bootstrap inference on a fit_staged() fit (measurement held)"
"svc_inference_adjust_level","inference","fitted","","parameter_inference(level = 0.9, adjust = ""holm"", step = 1e-5)"
"svc_three_step_two_level","three_step","fitted","three_step_bch three_step_proportional three_step_modal three_step_pairs three_step_groups","three_step(): BCH, proportional, modal, pairwise contrasts and a group-level outcome"
"svc_three_step_independent","three_step","fitted","","three_step(vcov_type = ""independent"", ci_level = 0.9, adjust = ""holm"") with contrasts"
"svc_three_step_single_level","three_step","fitted","three_step_bch three_step_modal three_step_pairs","three_step() on a single-level 3-profile LPA: BCH, modal, pairs"
"svc_three_step_indicator_refused","three_step","refused","","three_step() with an outcome that is one of the indicators is refused"
"svc_r3step_two_level","r3step","fitted","r3step r3step_groups","r3step(): individual-level and group-level covariates"
"svc_r3step_by_group_class","r3step","fitted","","r3step(by_group_class = TRUE)"
"svc_r3step_observed","r3step","fitted","","r3step(vcov_type = ""observed"", adjust = ""holm"", ci_level = 0.9)"
"svc_sensitivity_two_level","sensitivity","fitted","sensitivity","sensitivity() over seeds 1:2 on a two-level fit"
"svc_sensitivity_options","sensitivity","fitted","","sensitivity(seeds = 3:4, n_starts = 1, max_iter = 50, tol = 1e-6) on an LPA"
"svc_pool_covariates","pool_imputations","fitted","","pool_imputations(): three hand-made imputations of a covariate model (Rubin's rules)"
"svc_pool_robust","pool_imputations","fitted","","pool_imputations(vcov_type = ""robust"", level = 0.9) of a plain two-level LPA"
"svc_pool_mice","pool_imputations","fitted","","pool_imputations() of a seeded mice::mice() `mids` (pmm, m = 3); covariate with missing values"
"svc_fit_staged","fit_staged","fitted","starting_values starting_values_measurement","fit_staged(): measurement at one group class, then two group classes"
"svc_fit_staged_categorical","fit_staged","fitted","","fit_staged() with categorical indicators and full covariance continuous parts"
"svc_starting_values_full","starting_values","fitted","","starting_values(): full covariance, covariance auto/drop/keep and measurement only"
"svc_diagnostics_report","diagnostics","fitted","diagnostics descriptives report predict","diagnostics(), descriptives(), report() and predict() on a two-level fit"
"svc_diagnostics_overall","diagnostics","fitted","","diagnostics(by = ""overall"") on a single-level LPA"
"svc_predict_types","predict","fitted","","predict(type = ""posterior"") and predict(type = ""density"") on new rows"
"svc_descriptives_data","descriptives","fitted","","descriptives() of a data frame: overall, with id (ICC), and by a factor"
"profiles_noise_single","multilpa","fitted","","noise = TRUE single-level, VVI"
"profiles_noise_VVV","multilpa","fitted","","noise = TRUE single-level, model = ""VVV"""
"profiles_prior_noise_EII","multilpa","fitted","","prior and noise together, EII"
"cov_refusal_group_covariate_varies","covariates","refused","","refusal: a group covariate that varies within a group"
"lta_general_transition_covariates","lta (general)","fitted","inference_opg get_tna","lta() transition_covariates = previous_grade"
"reg_two_level","mixture_regression","fitted","predict","two-level: observation classes, id, n_group_classes = 2"
"reg_two_level_group_membership","mixture_regression","fitted","","two-level with group_membership = ~ motivation and variance = equal"
"reg_two_level_robust","mixture_regression","fitted","","two-level, vcov_type = robust"
"growth_lcga","mixture_regression","fitted","predict","latent class growth analysis: score ~ wave, class_level = group, no random"
"growth_random_intercept","growth_mixture","fitted","predict","growth mixture, random = intercept, covariance varying"
"growth_random_slope","growth_mixture","fitted","compare_models","growth mixture, random intercept + slope (random = wave), varying; compare_models vs LCGA"
"growth_random_slope_only","growth_mixture","fitted","","growth mixture, random = ~ 0 + wave (slope without random intercept)"
"growth_covariance_equal","growth_mixture","fitted","","growth mixture, random = wave, random_covariance = equal"
"growth_covariance_proportional","growth_mixture","fitted","","growth mixture, random = wave, random_covariance = proportional"
"growth_random_diagonal","growth_mixture","fitted","","growth mixture, random = wave, random_diagonal = TRUE"
"growth_variance_equal","growth_mixture","fitted","","growth mixture, random intercept, residual variance = equal"
"growth_membership","growth_mixture","fitted","","growth mixture, random intercept, membership = ~ motivation"
"growth_weights","growth_mixture","fitted","","growth mixture, random intercept, per-student sampling weights"
"growth_vcov_robust","growth_mixture","fitted","","growth mixture, random = wave, vcov_type = robust"
"growth_vcov_opg","growth_mixture","fitted","","growth mixture, random = wave, vcov_type = opg"
"growth_refusal_poisson_random","growth_mixture","refused","","random effects with a non-gaussian family are refused"
"growth_refusal_observation_level","growth_mixture","refused","","random effects with class_level = observation are refused"
"growth_multilevel","growth_mixture","fitted","simulate","multilevel growth mixture: growth_schools, cluster = school, 2 group classes, group_membership = programme"
"growth_multilevel_one_class","growth_mixture","fitted","","multilevel growth mixture with one group class (schools as units)"
"growth_refusal_cluster_weights","growth_mixture","refused","","a multilevel growth mixture refuses sampling weights"
"reg_negative_binomial","mixture_regression","fitted","predict simulate","negative_binomial, single level, dispersion varying (phase E7)"
"reg_negative_binomial_group","mixture_regression","fitted","","negative_binomial with offset, class_level = group, dispersion equal (phase E7)"
"reg_ordinal_group","mixture_regression","fitted","predict simulate","ordinal (ordered factor grade), class_level = group (phase E7)"
"reg_ordinal_common","mixture_regression","fitted","predict simulate","ordinal (integer categories), single level, common = ~ sleep (phase E7)"
"reg_ordinal_two_level","mixture_regression","fitted","","ordinal (integer categories), two-level, n_group_classes = 2 (phase E7)"
"reg_ordinal_refusal_two_categories","mixture_regression","refused","","ordinal with two categories and one outcome per row is refused (latents_not_identified)"
