"case","status","max_rel_diff","first_diff_path","seconds_baseline","seconds_now","slowdown","slow","detail"
"profiles_two_level_basic","identical",0,NA,0.148,0.327,2.20945945945946,TRUE,NA
"profiles_refusal_noise_two_level","identical",0,NA,0,0,NA,FALSE,NA
"profiles_lpa_single_varying","identical",0,NA,0.024,0.0440000000000005,1.83333333333335,FALSE,NA
"profiles_lpa_single_equal","identical",0,NA,0.0179999999999998,0.024,1.33333333333335,FALSE,NA
"profiles_lpa_single_full","identical",0,NA,0.0449999999999999,0.118,2.62222222222224,TRUE,NA
"profiles_lpa_single_full_equal","identical",0,NA,0.0300000000000002,0.0559999999999992,1.86666666666663,FALSE,NA
"profiles_lpa_engagement_id_null","identical",0,NA,0.0130000000000008,0.0240000000000009,1.8461538461538,FALSE,NA
"profiles_lpa_one_profile","identical",0,NA,0.000999999999999446,0.00199999999999889,2,FALSE,NA
"profiles_two_level_equal","identical",0,NA,0.0169999999999995,0.0190000000000001,1.11764705882357,FALSE,NA
"profiles_two_level_full","identical",0,NA,0.0379999999999994,0.0579999999999998,1.5263157894737,FALSE,NA
"profiles_two_level_three_profiles","identical",0,NA,0.0900000000000007,0.148,1.64444444444443,TRUE,NA
"profiles_two_level_one_class","identical",0,NA,0.0120000000000005,0.016,1.33333333333328,FALSE,NA
"profiles_structure_EII","identical",0,NA,0.0170000000000003,0.0339999999999989,1.9999999999999,FALSE,NA
"profiles_structure_VII","identical",0,NA,0.0129999999999999,0.0310000000000006,2.38461538461545,FALSE,NA
"profiles_structure_EEI","identical",0,NA,0.0140000000000002,0.0229999999999997,1.6428571428571,FALSE,NA
"profiles_structure_VEI","identical",0,NA,0.0460000000000003,0.0569999999999986,1.23913043478257,FALSE,NA
"profiles_structure_EVI","identical",0,NA,0.0139999999999993,0.0239999999999991,1.71428571428574,FALSE,NA
"profiles_structure_VVI","identical",0,NA,0.0179999999999998,0.027000000000001,1.50000000000007,FALSE,NA
"profiles_structure_EEE","identical",0,NA,0.0270000000000001,0.048,1.77777777777777,FALSE,NA
"profiles_structure_VEE","identical",0,NA,0.048,0.0560000000000009,1.16666666666669,FALSE,NA
"profiles_structure_EVE","identical",0,NA,0.239,0.494,2.06694560669456,TRUE,NA
"profiles_structure_VVE","identical",0,NA,0.277000000000001,0.474,1.71119133574007,TRUE,NA
"profiles_structure_EEV","identical",0,NA,0.0289999999999999,0.0389999999999979,1.34482758620683,FALSE,NA
"profiles_structure_VEV","identical",0,NA,0.0449999999999999,0.0530000000000008,1.1777777777778,FALSE,NA
"profiles_structure_EVV","identical",0,NA,0.0449999999999999,0.0549999999999997,1.22222222222222,FALSE,NA
"profiles_structure_VVV","identical",0,NA,0.0419999999999998,0.0609999999999999,1.45238095238096,FALSE,NA
"profiles_structure_pieces_VEV","identical",0,NA,0.0460000000000012,0.105,2.28260869565212,TRUE,NA
"profiles_structure_pieces_EII","identical",0,NA,0.0140000000000011,0.0229999999999997,1.64285714285699,FALSE,NA
"profiles_structure_three_profiles_EVE","identical",0,NA,0.065999999999999,0.125,1.89393939393942,TRUE,NA
"profiles_two_level_VEI","identical",0,NA,0.0309999999999988,0.0389999999999979,1.25806451612901,FALSE,NA
"profiles_two_level_EEV","identical",0,NA,0.0349999999999984,0.0500000000000007,1.42857142857151,FALSE,NA
"profiles_two_level_VVE","identical",0,NA,0.048,0.070999999999998,1.47916666666662,FALSE,NA
"profiles_refusal_model_and_pieces","identical",0,NA,0,0,NA,FALSE,NA
"profiles_fiml_two_level","identical",0,NA,0.0549999999999997,0.0779999999999994,1.41818181818182,FALSE,NA
"profiles_fiml_single_full","identical",0,NA,0.172000000000001,0.16,0.93023255813953,FALSE,NA
"profiles_refusal_missing_error","identical",0,NA,0.000999999999999446,0,0,FALSE,NA
"profiles_lca_single","identical",0,NA,0.177,0.209000000000003,1.180790960452,FALSE,NA
"profiles_multilca_two_level","identical",0,NA,0.346999999999998,0.323,0.930835734870324,FALSE,NA
"profiles_mixed_categorical","identical",0,NA,0.0549999999999997,0.0599999999999987,1.09090909090907,FALSE,NA
"profiles_ordinal_single","identical",0,NA,0.135999999999999,0.113999999999997,0.838235294117633,FALSE,NA
"profiles_ordinal_two_level","identical",0,NA,0.102999999999998,0.0919999999999987,0.893203883495151,FALSE,NA
"profiles_count_poisson","identical",0,NA,0.0410000000000004,0.0599999999999952,1.46341463414621,FALSE,NA
"profiles_count_nb_varying","identical",0,NA,1.27,0.965000000000003,0.759842519685042,FALSE,NA
"profiles_count_nb_equal","identical",0,NA,0.176000000000002,0.140000000000001,0.79545454545454,FALSE,NA
"profiles_count_two_level","identical",0,NA,0.116,0.0769999999999982,0.66379310344826,FALSE,NA
"profiles_mixed_all_types","identical",0,NA,0.141000000000002,0.0820000000000007,0.58156028368794,FALSE,NA
"profiles_extra_fiml","identical",0,NA,0.0999999999999979,0.103999999999999,1.04000000000001,FALSE,NA
"profiles_refusal_ordinal_fixed","identical",0,NA,0.0609999999999999,0.119999999999997,1.96721311475406,TRUE,NA
"profiles_weights_single","identical",0,NA,0.0229999999999997,0.0419999999999945,1.82608695652152,FALSE,NA
"profiles_weights_two_level","identical",0,NA,0.0159999999999982,0.0279999999999987,1.75000000000012,FALSE,NA
"profiles_weights_categorical","identical",0,NA,0.0740000000000016,0.107000000000006,1.445945945946,FALSE,NA
"profiles_refusal_weights_prior","identical",0,NA,0,0.000999999999997669,Inf,FALSE,NA
"profiles_noise_single","identical",0,NA,0.145,0.0279999999999987,0.193103448275853,FALSE,NA
"profiles_noise_VVV","identical",0,NA,0.0470000000000002,0.0589999999999975,1.25531914893611,FALSE,NA
"profiles_prior_VVI","identical",0,NA,0.0410000000000004,0.0459999999999994,1.12195121951217,FALSE,NA
"profiles_prior_EEE","identical",0,NA,0.0770000000000017,0.0990000000000038,1.28571428571431,FALSE,NA
"profiles_prior_VEV_shrinkage","identical",0,NA,0.158999999999999,0.192999999999998,1.21383647798742,FALSE,NA
"profiles_prior_noise_EII","identical",0,NA,0.0569999999999999,0.0609999999999999,1.07017543859649,FALSE,NA
"profiles_refusal_prior_VEE","identical",0,NA,0,0,NA,FALSE,NA
"profiles_fixed_measurement","identical",0,NA,0.0470000000000006,0.044000000000004,0.936170212766031,FALSE,NA
"profiles_fixed_means","identical",0,NA,0.0280000000000022,0.027000000000001,0.964285714285675,FALSE,NA
"profiles_fixed_categorical","identical",0,NA,0.132999999999999,0.175000000000004,1.31578947368425,FALSE,NA
"profiles_evaluate_only","identical",0,NA,0.0129999999999981,0.0180000000000007,1.38461538461564,FALSE,NA
"profiles_user_start","identical",0,NA,0.0120000000000005,0.0159999999999982,1.33333333333313,FALSE,NA
"profiles_refusal_fixed_without_start","identical",0,NA,0,0,NA,FALSE,NA
"profiles_centering_person","identical",0,NA,0.0720000000000027,0.0879999999999939,1.22222222222209,FALSE,NA
"profiles_centering_grand","identical",0,NA,0.0169999999999959,0.0230000000000032,1.3529411764711,FALSE,NA
"profiles_time_sequences","identical",0,NA,0.0180000000000007,0.0189999999999984,1.05555555555542,FALSE,NA
"profiles_acceleration_none","identical",0,NA,0.0150000000000006,0.0260000000000034,1.73333333333349,FALSE,NA
"profiles_acceleration_squarem_full","identical",0,NA,0.0510000000000019,0.0899999999999963,1.7647058823528,FALSE,NA
"profiles_acceleration_none_full","identical",0,NA,0.0760000000000005,0.110999999999997,1.46052631578943,FALSE,NA
"profiles_select_converged","identical",0,NA,0.137,0.199000000000005,1.45255474452559,TRUE,NA
"profiles_select_likelihood","identical",0,NA,0.134,0.203000000000003,1.51492537313435,TRUE,NA
"profiles_min_variance_tol","identical",0,NA,0.0120000000000005,0.0260000000000034,2.16666666666686,FALSE,NA
"profiles_refusal_two_classes_no_id","identical",0,NA,0,0,NA,FALSE,NA
"profiles_refusal_missing_id","identical",0,NA,0,0,NA,FALSE,NA
"profiles_refusal_bad_model","identical",0,NA,0,0,NA,FALSE,NA
"cov_profile_shared","identical",0,NA,0.201,0.229999999999997,1.14427860696516,FALSE,NA
"cov_group_only","identical",0,NA,0.134,0.124000000000002,0.925373134328376,FALSE,NA
"cov_both_shared","identical",0,NA,0.125,0.128999999999991,1.03199999999993,FALSE,NA
"cov_slopes_group_class","identical",0,NA,0.181999999999995,0.239999999999995,1.31868131868133,TRUE,NA
"cov_one_group_class","identical",0,NA,0.0609999999999999,0.0570000000000022,0.934426229508234,FALSE,NA
"cov_single_level","identical",0,NA,0.0640000000000001,0.0700000000000074,1.09375000000011,FALSE,NA
"cov_three_profiles_equal","identical",0,NA,1.223,1.444,1.18070318887981,FALSE,NA
"cov_fiml","identical",0,NA,0.244,0.242999999999995,0.995901639344242,FALSE,NA
"cov_full_covariance","identical",0,NA,0.110999999999997,0.117000000000004,1.05405405405412,FALSE,NA
"cov_categorical_esm","identical",0,NA,0.119999999999997,0.138000000000005,1.15000000000007,FALSE,NA
"cov_categorical_boundary","identical",0,NA,0.123999999999995,0.137,1.10483870967747,FALSE,NA
"cov_ordinal","identical",0,NA,0.121000000000002,0.124000000000009,1.02479338842981,FALSE,NA
"cov_count_poisson","identical",0,NA,0.127000000000002,0.191000000000003,1.50393700787401,TRUE,NA
"cov_esm_mixed","identical",0,NA,0.297999999999995,0.304999999999993,1.0234899328859,FALSE,NA
"cov_weights","identical",0,NA,0.188000000000002,0.180000000000007,0.957446808510664,FALSE,NA
"cov_refusal_start","identical",0,NA,0.019999999999996,0.0289999999999964,1.45000000000011,FALSE,NA
"cov_refusal_fixed","identical",0,NA,0,0,NA,FALSE,NA
"cov_refusal_missing_covariate","identical",0,NA,0,0,NA,FALSE,NA
"cov_refusal_slopes_without_covariates","identical",0,NA,0,0,NA,FALSE,NA
"cov_refusal_group_covariate_varies","identical",0,NA,0.02,0.0290000000000106,1.45000000000053,FALSE,NA
"family_additive_varying","identical",0,NA,0.133000000000003,0.149000000000001,1.12030075187968,FALSE,NA
"family_additive_equal","identical",0,NA,0.046999999999997,0.0670000000000073,1.42553191489386,FALSE,NA
"family_additive_three_classes","identical",0,NA,0.393999999999998,0.591999999999999,1.50253807106599,TRUE,NA
"family_additive_weights","identical",0,NA,0.0560000000000045,0.0690000000000026,1.2321428571428,FALSE,NA
"family_additive_engagement_boundary","identical",0,NA,0.533999999999999,0.588999999999999,1.10299625468165,FALSE,NA
"family_dispersion_equal","identical",0,NA,0.0970000000000013,0.097999999999999,1.01030927835049,FALSE,NA
"family_dispersion_three_classes","identical",0,NA,0.237000000000002,0.272999999999996,1.15189873417719,FALSE,NA
"family_dispersion_varying_refused","identical",0,NA,0,0,NA,FALSE,NA
"family_additive_dispersion_varying","identical",0,NA,0.0609999999999999,0.0769999999999982,1.26229508196719,FALSE,NA
"family_additive_dispersion_equal","identical",0,NA,0.0499999999999972,0.0589999999999975,1.18000000000002,FALSE,NA
"family_additive_dispersion_three_classes","identical",0,NA,0.155999999999999,0.210999999999999,1.3525641025641,TRUE,NA
"family_restricted_cross_level_varying","identical",0,NA,0.0360000000000014,0.063999999999993,1.77777777777751,FALSE,NA
"family_restricted_cross_level_equal","identical",0,NA,0.0250000000000057,0.0580000000000069,2.31999999999975,FALSE,NA
"family_full_cross_level_varying","identical",0,NA,0.0330000000000013,0.0489999999999924,1.4848484848482,FALSE,NA
"family_full_cross_level_equal","identical",0,NA,0.0190000000000055,0.0430000000000064,2.26315789473652,FALSE,NA
"family_refusal_categorical","identical",0,NA,0,0,NA,FALSE,NA
"family_refusal_fiml","identical",0,NA,0,0,NA,FALSE,NA
"family_refusal_covariates","identical",0,NA,0,0,NA,FALSE,NA
"family_refusal_cross_level_categorical","identical",0,NA,0,0,NA,FALSE,NA
"family_enumeration","identical",0,NA,0.466000000000008,0.853000000000009,1.83047210300428,TRUE,NA
"family_bootstrap_lrt","identical",0,NA,1.33,2.164,1.62706766917293,TRUE,NA
"family_bootstrap_lrt_refused","identical",0,NA,0.213000000000008,0.334999999999994,1.57276995305155,TRUE,NA
"lta_homogeneous_basic","identical",0,NA,0.105000000000004,0.0889999999999986,0.847619047619002,FALSE,NA
"lta_homogeneous_group_classes","identical",0,NA,0.271000000000001,0.257000000000005,0.948339483394849,FALSE,NA
"lta_homogeneous_equal_variance","identical",0,NA,0.0190000000000055,0.0160000000000053,0.842105263157932,FALSE,NA
"lta_homogeneous_full_covariance","identical",0,NA,0.0300000000000011,0.0240000000000009,0.800000000000001,FALSE,NA
"lta_homogeneous_model_EEI","identical",0,NA,0.0189999999999912,0.0120000000000005,0.631578947368737,FALSE,NA
"lta_homogeneous_model_VVI","identical",0,NA,0.0169999999999959,0.019999999999996,1.17647058823534,FALSE,NA
"lta_homogeneous_model_EEE","identical",0,NA,0.0289999999999964,0.0310000000000059,1.06896551724172,FALSE,NA
"lta_homogeneous_model_VVV","identical",0,NA,0.0289999999999964,0.0369999999999919,1.2758620689654,FALSE,NA
"lta_homogeneous_model_VEI","identical",0,NA,0.019999999999996,0.019999999999996,1,FALSE,NA
"lta_homogeneous_categorical","identical",0,NA,0.872,0.609000000000009,0.698394495412854,FALSE,NA
"lta_homogeneous_mixed","identical",0,NA,0.305999999999997,0.367000000000004,1.19934640522878,FALSE,NA
"lta_homogeneous_fiml","identical",0,NA,0.0370000000000061,0.0450000000000017,1.21621621621606,FALSE,NA
"lta_homogeneous_occasions_observed","identical",0,NA,0.0220000000000056,0.0259999999999962,1.18181818181771,FALSE,NA
"lta_homogeneous_occasions_grid","identical",0,NA,0.0240000000000009,0.0169999999999959,0.708333333333136,FALSE,NA
"lta_homogeneous_select_converged","identical",0,NA,2.06,1.44800000000001,0.702912621359227,FALSE,NA
"lta_homogeneous_bootstrap","identical",0,NA,0.179000000000002,0.260000000000005,1.45251396648046,TRUE,NA
"lta_general_occasion_transitions","identical",0,NA,0.215000000000003,0.296999999999997,1.38139534883718,TRUE,NA
"lta_general_order2","identical",0,NA,0.241,0.265000000000001,1.09958506224067,FALSE,NA
"lta_general_mover_stayer","identical",0,NA,0.590000000000003,0.652000000000001,1.10508474576271,FALSE,NA
"lta_general_transition_covariates","identical",0,NA,0.213,0.0739999999999981,0.347417840375578,FALSE,NA
"lta_general_initial_covariates","identical",0,NA,0.0700000000000074,0.070999999999998,1.01428571428558,FALSE,NA
"lta_general_occasion_measurement","identical",0,NA,0.158999999999992,0.173000000000002,1.08805031446547,FALSE,NA
"lta_general_group_classes","identical",0,NA,1.31700000000001,1.66800000000001,1.26651480637813,TRUE,NA
"lta_general_full_covariance","identical",0,NA,0.22399999999999,0.241,1.0758928571429,FALSE,NA
"lta_general_model_VEI","identical",0,NA,0.0700000000000074,0.0669999999999931,0.957142857142657,FALSE,NA
"lta_general_categorical","identical",0,NA,0.98599999999999,1.04299999999999,1.05780933062881,FALSE,NA
"lta_general_ordinal","identical",0,NA,3.31999999999999,3.41500000000001,1.02861445783133,FALSE,NA
"lta_general_count_poisson","identical",0,NA,0.503,0.585999999999999,1.16500994035785,FALSE,NA
"lta_general_count_nb_varying","identical",0,NA,2.407,2.99099999999999,1.24262567511424,TRUE,NA
"lta_general_count_nb_equal","identical",0,NA,2.07599999999999,2.434,1.17244701348748,FALSE,NA
"lta_general_weights","identical",0,NA,0.0790000000000077,0.0739999999999839,0.936708860759198,FALSE,NA
"lta_general_fiml_covariates","identical",0,NA,0.0899999999999892,0.0950000000000273,1.05555555555599,FALSE,NA
"lta_general_mixed_extensions","identical",0,NA,0.665999999999997,0.693000000000012,1.04054054054056,FALSE,NA
"lta_general_order2_mover_stayer","identical",0,NA,2.348,2.215,0.943356047700172,FALSE,NA
"lta_general_bootstrap","identical",0,NA,0.513999999999996,0.501000000000005,0.974708171206243,FALSE,NA
"lta_general_weights_bootstrap","identical",0,NA,0.483999999999995,0.485000000000014,1.00206611570252,FALSE,NA
"lta_refusal_one_profile","identical",0,NA,0,0,NA,FALSE,NA
"lta_refusal_order3","identical",0,NA,0,0,NA,FALSE,NA
"lta_refusal_no_time","identical",0,NA,0,0,NA,FALSE,NA
"lta_refusal_missing_error","identical",0,NA,0,0,NA,FALSE,NA
"lta_refusal_bad_model","identical",0,NA,0,0,NA,FALSE,NA
"lta_bootstrap_lrt_covariates","identical",0,NA,0.774000000000001,0.725999999999999,0.937984496124029,FALSE,NA
"lta_bootstrap_lrt_group_classes","identical",0,NA,2.35999999999999,1.84399999999999,0.781355932203391,FALSE,NA
"lta_refusal_bootstrap_lrt_reversed","identical",0,NA,0.0970000000000084,0.103000000000009,1.06185567010309,FALSE,NA
"lta_enumeration","identical",0,NA,1.672,1.22800000000001,0.734449760765555,FALSE,NA
"lta_enumeration_structures","identical",0,NA,0.0409999999999968,0.0409999999999968,1,FALSE,NA
"lta_enumeration_candidate","identical",0,NA,0.347000000000008,0.224999999999994,0.648414985590747,FALSE,NA
"lta_refusal_enumeration_one_profile","identical",0,NA,0,0,NA,FALSE,NA
"reg_gaussian_single","identical",0,NA,0.14500000000001,0.14500000000001,1,FALSE,NA
"reg_gaussian_equal_variance","identical",0,NA,0.0300000000000011,0.0260000000000105,0.866666666666984,FALSE,NA
"reg_gaussian_common","identical",0,NA,0.039999999999992,0.0420000000000016,1.05000000000025,FALSE,NA
"reg_gaussian_membership","identical",0,NA,0.0810000000000173,0.0749999999999886,0.925925925925588,FALSE,NA
"reg_gaussian_select_converged","identical",0,NA,0.032999999999987,0.0300000000000011,0.909090909091302,FALSE,NA
"reg_gaussian_vcov_robust_clustered","identical",0,NA,0.032999999999987,0.032999999999987,1,FALSE,NA
"reg_gaussian_vcov_opg","identical",0,NA,0.0289999999999964,0.0289999999999964,0.999999999999999,FALSE,NA
"reg_gaussian_vcov_none","identical",0,NA,0.0289999999999964,0.0279999999999916,0.96551724137914,FALSE,NA
"reg_gaussian_weights_rows","identical",0,NA,0.0390000000000157,0.0370000000000061,0.948717948717724,FALSE,NA
"reg_gaussian_weights_observed_refused","identical",0,NA,0.00100000000000477,0.00200000000000955,2.00000000000001,FALSE,NA
"reg_gaussian_missing_omit","identical",0,NA,0.0349999999999966,0.0330000000000155,0.942857142857676,FALSE,NA
"reg_refusal_missing_error","identical",0,NA,0,0,NA,FALSE,NA
"reg_group_level","identical",0,NA,0.0169999999999959,0.0229999999999961,1.35294117647069,FALSE,NA
"reg_group_membership","identical",0,NA,0.0349999999999966,0.0360000000000014,1.02857142857157,FALSE,NA
"reg_group_weights","identical",0,NA,0.0229999999999961,0.0200000000000102,0.869565217391897,FALSE,NA
"reg_two_level","identical",0,NA,0.205,0.100999999999999,0.492682926829264,FALSE,NA
"reg_two_level_group_membership","identical",0,NA,0.131,0.155000000000001,1.18320610687024,FALSE,NA
"reg_two_level_robust","identical",0,NA,0.0899999999999999,0.0929999999999893,1.03333333333322,FALSE,NA
"reg_binomial_group","identical",0,NA,0.0489999999999782,0.0450000000000159,0.918367346939509,FALSE,NA
"reg_binomial_cbind","identical",0,NA,0.132000000000005,0.129999999999995,0.984848484848413,FALSE,NA
"reg_poisson","identical",0,NA,0.195999999999998,0.183999999999997,0.938775510204078,FALSE,NA
"reg_poisson_offset","identical",0,NA,0.0180000000000007,0.0200000000000102,1.11111111111164,FALSE,NA
"reg_negative_binomial","identical",0,NA,1.564,1.398,0.893861892583118,FALSE,NA
"reg_negative_binomial_group","identical",0,NA,0.489,0.489000000000004,1.00000000000001,FALSE,NA
"reg_ordinal_group","identical",0,NA,0.356,0.250999999999976,0.705056179775215,FALSE,NA
"reg_ordinal_common","identical",0,NA,3.35,3.042,0.908059701492538,FALSE,NA
"reg_ordinal_two_level","identical",0,NA,0.907,0.817000000000007,0.900771775082698,FALSE,NA
"reg_ordinal_refusal_two_categories","identical",0,NA,0.000999999999999446,0,0,FALSE,NA
"reg_refusal_binary_rows","identical",0,NA,0,0,NA,FALSE,NA
"reg_refusal_group_without_id","identical",0,NA,0,0,NA,FALSE,NA
"reg_refusal_poisson_noninteger","identical",0,NA,0,0,NA,FALSE,NA
"reg_enumerate","identical",0,NA,0.0330000000000155,0.0339999999999918,1.0303030303023,FALSE,NA
"reg_enumerate_bootstrap","identical",0,NA,1.38499999999999,1.369,0.98844765342961,FALSE,NA
"reg_compare_models","identical",0,NA,0.155999999999977,0.143000000000001,0.916666666666806,FALSE,NA
"growth_lcga","identical",0,NA,0.154,0.0150000000000148,0.0974025974026934,FALSE,NA
"growth_random_intercept","identical",0,NA,0.441,0.384999999999991,0.873015873015852,FALSE,NA
"growth_random_slope","identical",0,NA,0.876,0.711000000000013,0.811643835616453,FALSE,NA
"growth_random_slope_only","identical",0,NA,0.391999999999999,0.348000000000013,0.887755102040852,FALSE,NA
"growth_covariance_equal","identical",0,NA,0.576,0.515000000000015,0.894097222222248,FALSE,NA
"growth_covariance_proportional","identical",0,NA,0.959,0.811999999999983,0.846715328467136,FALSE,NA
"growth_random_diagonal","identical",0,NA,0.715999999999999,0.595999999999975,0.832402234636838,FALSE,NA
"growth_variance_equal","identical",0,NA,0.345000000000001,0.227000000000004,0.657971014492763,FALSE,NA
"growth_membership","identical",0,NA,0.491,0.380000000000024,0.773930753564203,FALSE,NA
"growth_weights","identical",0,NA,0.34,0.314999999999998,0.926470588235287,FALSE,NA
"growth_vcov_robust","identical",0,NA,0.872999999999999,0.776999999999987,0.890034364261154,FALSE,NA
"growth_vcov_opg","identical",0,NA,0.799,0.812000000000012,1.01627033792242,FALSE,NA
"growth_refusal_poisson_random","identical",0,NA,0,0,NA,FALSE,NA
"growth_refusal_observation_level","identical",0,NA,0,0,NA,FALSE,NA
"growth_multilevel","identical",0,NA,2.104,1.70100000000002,0.808460076045638,FALSE,NA
"growth_multilevel_one_class","identical",0,NA,2.39,2.07900000000001,0.869874476987451,FALSE,NA
"growth_refusal_cluster_weights","identical",0,NA,0,0,NA,FALSE,NA
"svc_enumerate_lpa_basic","identical",0,NA,0.247000000000014,0.271999999999991,1.10121457489869,FALSE,NA
"svc_enumerate_lpa_all_structures","identical",0,NA,0.795000000000016,0.893000000000001,1.12327044025155,FALSE,NA
"svc_enumerate_lca","identical",0,NA,0.417000000000002,0.47799999999998,1.14628297362105,FALSE,NA
"svc_enumerate_classes_two_level","identical",0,NA,0.0740000000000123,0.0910000000000082,1.22972972972964,FALSE,NA
"svc_candidate_fit","identical",0,NA,0.070999999999998,0.092000000000013,1.29577464788754,FALSE,NA
"svc_candidate_fit_ambiguous","identical",0,NA,0.0349999999999966,0.0390000000000157,1.11428571428627,FALSE,NA
"svc_bootstrap_lrt_lpa","identical",0,NA,0.0169999999999959,0.0190000000000055,1.11764705882412,FALSE,NA
"svc_bootstrap_lrt_lca","identical",0,NA,0.138999999999982,0.138999999999982,0.999999999999997,FALSE,NA
"svc_bootstrap_lrt_fiml","identical",0,NA,0.0519999999999925,0.049999999999983,0.961538461538272,FALSE,NA
"svc_bootstrap_lrt_profiles","identical",0,NA,0.0120000000000005,0.01400000000001,1.16666666666745,FALSE,NA
"svc_bootstrap_lrt_covariates","identical",0,NA,0.694999999999993,0.731999999999999,1.05323741007195,FALSE,NA
"svc_bootstrap_lrt_mixed_families","identical",0,NA,0.0360000000000014,0.0409999999999968,1.13888888888876,FALSE,NA
"svc_bootstrap_lrt_fixed","identical",0,NA,0.021000000000015,0.0339999999999918,1.61904761904607,FALSE,NA
"svc_fit_staged_one_class","identical",0,NA,0,0,NA,FALSE,NA
"svc_inference_lpa","identical",0,NA,0.0139999999999816,0.0180000000000007,1.28571428571602,FALSE,NA
"svc_inference_lpa_full","identical",0,NA,0.0390000000000157,0.0429999999999779,1.10256410256309,FALSE,NA
"svc_inference_two_level","identical",0,NA,0.0169999999999959,0.0159999999999911,0.941176470587941,FALSE,NA
"svc_inference_boundary_lca","identical",0,NA,0.197999999999979,0.218000000000018,1.10101010101031,FALSE,NA
"svc_inference_bootstrap_lca","identical",0,NA,0.137999999999977,0.137999999999977,0.999999999999999,FALSE,NA
"svc_inference_bootstrap_mixed_extra","identical",0,NA,0.0720000000000027,0.0699999999999932,0.972222222222091,FALSE,NA
"svc_inference_bootstrap_vei","identical",0,NA,0.0369999999999777,0.039999999999992,1.08108108108152,FALSE,NA
"svc_inference_bootstrap_staged","identical",0,NA,0.0219999999999914,0.0279999999999916,1.27272727272739,FALSE,NA
"svc_inference_adjust_level","identical",0,NA,0.0389999999999873,0.0440000000000111,1.12820512820578,FALSE,NA
"svc_three_step_two_level","identical",0,NA,0.0159999999999911,0.0319999999999823,2,FALSE,NA
"svc_three_step_independent","identical",0,NA,0.0180000000000007,0.0229999999999961,1.27777777777751,FALSE,NA
"svc_three_step_single_level","identical",0,NA,0.0180000000000007,0.018999999999977,1.05555555555424,FALSE,NA
"svc_three_step_indicator_refused","identical",0,NA,0.0159999999999911,0.0199999999999818,1.24999999999956,FALSE,NA
"svc_r3step_two_level","identical",0,NA,0.0159999999999911,0.0190000000000055,1.187500000001,FALSE,NA
"svc_r3step_by_group_class","identical",0,NA,0.0480000000000018,0.061000000000007,1.27083333333343,FALSE,NA
"svc_r3step_observed","identical",0,NA,0.0250000000000057,0.0279999999999916,1.11999999999941,FALSE,NA
"svc_sensitivity_two_level","identical",0,NA,0.0170000000000243,0.0190000000000055,1.11764705882225,FALSE,NA
"svc_sensitivity_options","identical",0,NA,0.0339999999999918,0.0409999999999968,1.20588235294137,FALSE,NA
"svc_pool_covariates","identical",0,NA,0.201999999999998,0.268000000000001,1.32673267326734,TRUE,NA
"svc_pool_robust","identical",0,NA,0.0749999999999886,0.0829999999999984,1.10666666666681,FALSE,NA
"svc_pool_mice","identical",0,NA,0.207999999999998,0.212999999999994,1.02403846153844,FALSE,NA
"svc_fit_staged","identical",0,NA,0.0209999999999866,0.0250000000000057,1.19047619047722,FALSE,NA
"svc_fit_staged_categorical","identical",0,NA,0.0510000000000161,0.0529999999999973,1.03921568627413,FALSE,NA
"svc_starting_values_full","identical",0,NA,0.0370000000000061,0.0500000000000114,1.35135135135144,FALSE,NA
"svc_diagnostics_report","identical",0,NA,0.0159999999999911,0.0169999999999959,1.06250000000034,FALSE,NA
"svc_diagnostics_overall","identical",0,NA,0.0190000000000055,0.021000000000015,1.10526315789521,FALSE,NA
"svc_predict_types","identical",0,NA,0.0170000000000243,0.0190000000000055,1.11764705882225,FALSE,NA
"svc_descriptives_data","identical",0,NA,0.0029999999999859,0.00399999999999068,1.33333333333649,FALSE,NA
