"case","seconds"
"profiles_two_level_basic",0.148
"profiles_refusal_noise_two_level",0
"profiles_lpa_single_varying",0.024
"profiles_lpa_single_equal",0.0179999999999998
"profiles_lpa_single_full",0.0449999999999999
"profiles_lpa_single_full_equal",0.0300000000000002
"profiles_lpa_engagement_id_null",0.0130000000000008
"profiles_lpa_one_profile",0.000999999999999446
"profiles_two_level_equal",0.0169999999999995
"profiles_two_level_full",0.0379999999999994
"profiles_two_level_three_profiles",0.0900000000000007
"profiles_two_level_one_class",0.0120000000000005
"profiles_structure_EII",0.0170000000000003
"profiles_structure_VII",0.0129999999999999
"profiles_structure_EEI",0.0140000000000002
"profiles_structure_VEI",0.0460000000000003
"profiles_structure_EVI",0.0139999999999993
"profiles_structure_VVI",0.0179999999999998
"profiles_structure_EEE",0.0270000000000001
"profiles_structure_VEE",0.048
"profiles_structure_EVE",0.239
"profiles_structure_VVE",0.277000000000001
"profiles_structure_EEV",0.0289999999999999
"profiles_structure_VEV",0.0449999999999999
"profiles_structure_EVV",0.0449999999999999
"profiles_structure_VVV",0.0419999999999998
"profiles_structure_pieces_VEV",0.0460000000000012
"profiles_structure_pieces_EII",0.0140000000000011
"profiles_structure_three_profiles_EVE",0.065999999999999
"profiles_two_level_VEI",0.0309999999999988
"profiles_two_level_EEV",0.0349999999999984
"profiles_two_level_VVE",0.048
"profiles_refusal_model_and_pieces",0
"profiles_fiml_two_level",0.0549999999999997
"profiles_fiml_single_full",0.172000000000001
"profiles_refusal_missing_error",0.000999999999999446
"profiles_lca_single",0.177
"profiles_multilca_two_level",0.346999999999998
"profiles_mixed_categorical",0.0549999999999997
"profiles_ordinal_single",0.135999999999999
"profiles_ordinal_two_level",0.102999999999998
"profiles_count_poisson",0.0410000000000004
"profiles_count_nb_varying",1.27
"profiles_count_nb_equal",0.176000000000002
"profiles_count_two_level",0.116
"profiles_mixed_all_types",0.141000000000002
"profiles_extra_fiml",0.0999999999999979
"profiles_refusal_ordinal_fixed",0.0609999999999999
"profiles_weights_single",0.0229999999999997
"profiles_weights_two_level",0.0159999999999982
"profiles_weights_categorical",0.0740000000000016
"profiles_refusal_weights_prior",0
"profiles_prior_VVI",0.0410000000000004
"profiles_prior_EEE",0.0770000000000017
"profiles_prior_VEV_shrinkage",0.158999999999999
"profiles_refusal_prior_VEE",0
"profiles_fixed_measurement",0.0470000000000006
"profiles_fixed_means",0.0280000000000022
"profiles_fixed_categorical",0.132999999999999
"profiles_evaluate_only",0.0129999999999981
"profiles_user_start",0.0120000000000005
"profiles_refusal_fixed_without_start",0
"profiles_centering_person",0.0720000000000027
"profiles_centering_grand",0.0169999999999959
"profiles_time_sequences",0.0180000000000007
"profiles_acceleration_none",0.0150000000000006
"profiles_acceleration_squarem_full",0.0510000000000019
"profiles_acceleration_none_full",0.0760000000000005
"profiles_select_converged",0.137
"profiles_select_likelihood",0.134
"profiles_min_variance_tol",0.0120000000000005
"profiles_refusal_two_classes_no_id",0
"profiles_refusal_missing_id",0
"profiles_refusal_bad_model",0
"cov_profile_shared",0.201
"cov_group_only",0.134
"cov_both_shared",0.125
"cov_slopes_group_class",0.181999999999995
"cov_one_group_class",0.0609999999999999
"cov_single_level",0.0640000000000001
"cov_three_profiles_equal",1.223
"cov_fiml",0.244
"cov_full_covariance",0.110999999999997
"cov_categorical_esm",0.119999999999997
"cov_categorical_boundary",0.123999999999995
"cov_ordinal",0.121000000000002
"cov_count_poisson",0.127000000000002
"cov_esm_mixed",0.297999999999995
"cov_weights",0.188000000000002
"cov_refusal_start",0.019999999999996
"cov_refusal_fixed",0
"cov_refusal_missing_covariate",0
"cov_refusal_slopes_without_covariates",0
"family_additive_varying",0.133000000000003
"family_additive_equal",0.046999999999997
"family_additive_three_classes",0.393999999999998
"family_additive_weights",0.0560000000000045
"family_additive_engagement_boundary",0.533999999999999
"family_dispersion_equal",0.0970000000000013
"family_dispersion_three_classes",0.237000000000002
"family_dispersion_varying_refused",0
"family_additive_dispersion_varying",0.0609999999999999
"family_additive_dispersion_equal",0.0499999999999972
"family_additive_dispersion_three_classes",0.155999999999999
"family_restricted_cross_level_varying",0.0360000000000014
"family_restricted_cross_level_equal",0.0250000000000057
"family_full_cross_level_varying",0.0330000000000013
"family_full_cross_level_equal",0.0190000000000055
"family_refusal_categorical",0
"family_refusal_fiml",0
"family_refusal_covariates",0
"family_refusal_cross_level_categorical",0
"family_enumeration",0.466000000000008
"family_bootstrap_lrt",1.33
"family_bootstrap_lrt_refused",0.213000000000008
"lta_homogeneous_basic",0.105000000000004
"lta_homogeneous_group_classes",0.271000000000001
"lta_homogeneous_equal_variance",0.0190000000000055
"lta_homogeneous_full_covariance",0.0300000000000011
"lta_homogeneous_model_EEI",0.0189999999999912
"lta_homogeneous_model_VVI",0.0169999999999959
"lta_homogeneous_model_EEE",0.0289999999999964
"lta_homogeneous_model_VVV",0.0289999999999964
"lta_homogeneous_model_VEI",0.019999999999996
"lta_homogeneous_categorical",0.872
"lta_homogeneous_mixed",0.305999999999997
"lta_homogeneous_fiml",0.0370000000000061
"lta_homogeneous_occasions_observed",0.0220000000000056
"lta_homogeneous_occasions_grid",0.0240000000000009
"lta_homogeneous_select_converged",2.06
"lta_homogeneous_bootstrap",0.179000000000002
"lta_general_occasion_transitions",0.215000000000003
"lta_general_order2",0.241
"lta_general_mover_stayer",0.590000000000003
"lta_general_initial_covariates",0.0700000000000074
"lta_general_occasion_measurement",0.158999999999992
"lta_general_group_classes",1.31700000000001
"lta_general_full_covariance",0.22399999999999
"lta_general_model_VEI",0.0700000000000074
"lta_general_categorical",0.98599999999999
"lta_general_ordinal",3.31999999999999
"lta_general_count_poisson",0.503
"lta_general_count_nb_varying",2.407
"lta_general_count_nb_equal",2.07599999999999
"lta_general_weights",0.0790000000000077
"lta_general_fiml_covariates",0.0899999999999892
"lta_general_mixed_extensions",0.665999999999997
"lta_general_order2_mover_stayer",2.348
"lta_general_bootstrap",0.513999999999996
"lta_general_weights_bootstrap",0.483999999999995
"lta_refusal_one_profile",0
"lta_refusal_order3",0
"lta_refusal_no_time",0
"lta_refusal_missing_error",0
"lta_refusal_bad_model",0
"lta_bootstrap_lrt_covariates",0.774000000000001
"lta_bootstrap_lrt_group_classes",2.35999999999999
"lta_refusal_bootstrap_lrt_reversed",0.0970000000000084
"lta_enumeration",1.672
"lta_enumeration_structures",0.0409999999999968
"lta_enumeration_candidate",0.347000000000008
"lta_refusal_enumeration_one_profile",0
"reg_gaussian_single",0.14500000000001
"reg_gaussian_equal_variance",0.0300000000000011
"reg_gaussian_common",0.039999999999992
"reg_gaussian_membership",0.0810000000000173
"reg_gaussian_select_converged",0.032999999999987
"reg_gaussian_vcov_robust_clustered",0.032999999999987
"reg_gaussian_vcov_opg",0.0289999999999964
"reg_gaussian_vcov_none",0.0289999999999964
"reg_gaussian_weights_rows",0.0390000000000157
"reg_gaussian_weights_observed_refused",0.00100000000000477
"reg_gaussian_missing_omit",0.0349999999999966
"reg_refusal_missing_error",0
"reg_group_level",0.0169999999999959
"reg_group_membership",0.0349999999999966
"reg_group_weights",0.0229999999999961
"reg_binomial_group",0.0489999999999782
"reg_binomial_cbind",0.132000000000005
"reg_poisson",0.195999999999998
"reg_poisson_offset",0.0180000000000007
"reg_refusal_binary_rows",0
"reg_refusal_group_without_id",0
"reg_refusal_poisson_noninteger",0
"reg_enumerate",0.0330000000000155
"reg_enumerate_bootstrap",1.38499999999999
"reg_compare_models",0.155999999999977
"svc_enumerate_lpa_basic",0.247000000000014
"svc_enumerate_lpa_all_structures",0.795000000000016
"svc_enumerate_lca",0.417000000000002
"svc_enumerate_classes_two_level",0.0740000000000123
"svc_candidate_fit",0.070999999999998
"svc_candidate_fit_ambiguous",0.0349999999999966
"svc_bootstrap_lrt_lpa",0.0169999999999959
"svc_bootstrap_lrt_lca",0.138999999999982
"svc_bootstrap_lrt_fiml",0.0519999999999925
"svc_bootstrap_lrt_profiles",0.0120000000000005
"svc_bootstrap_lrt_covariates",0.694999999999993
"svc_bootstrap_lrt_mixed_families",0.0360000000000014
"svc_bootstrap_lrt_fixed",0.021000000000015
"svc_fit_staged_one_class",0
"svc_inference_lpa",0.0139999999999816
"svc_inference_lpa_full",0.0390000000000157
"svc_inference_two_level",0.0169999999999959
"svc_inference_boundary_lca",0.197999999999979
"svc_inference_bootstrap_lca",0.137999999999977
"svc_inference_bootstrap_mixed_extra",0.0720000000000027
"svc_inference_bootstrap_vei",0.0369999999999777
"svc_inference_bootstrap_staged",0.0219999999999914
"svc_inference_adjust_level",0.0389999999999873
"svc_three_step_two_level",0.0159999999999911
"svc_three_step_independent",0.0180000000000007
"svc_three_step_single_level",0.0180000000000007
"svc_three_step_indicator_refused",0.0159999999999911
"svc_r3step_two_level",0.0159999999999911
"svc_r3step_by_group_class",0.0480000000000018
"svc_r3step_observed",0.0250000000000057
"svc_sensitivity_two_level",0.0170000000000243
"svc_sensitivity_options",0.0339999999999918
"svc_pool_covariates",0.201999999999998
"svc_pool_robust",0.0749999999999886
"svc_pool_mice",0.207999999999998
"svc_fit_staged",0.0209999999999866
"svc_fit_staged_categorical",0.0510000000000161
"svc_starting_values_full",0.0370000000000061
"svc_diagnostics_report",0.0159999999999911
"svc_diagnostics_overall",0.0190000000000055
"svc_predict_types",0.0170000000000243
"svc_descriptives_data",0.0029999999999859
"profiles_noise_single",0.145
"profiles_noise_VVV",0.0470000000000002
"profiles_prior_noise_EII",0.0569999999999999
"cov_refusal_group_covariate_varies",0.02
"lta_general_transition_covariates",0.213
"reg_two_level",0.205
"reg_two_level_group_membership",0.131
"reg_two_level_robust",0.0899999999999999
"growth_lcga",0.154
"growth_random_intercept",0.441
"growth_random_slope",0.876
"growth_random_slope_only",0.391999999999999
"growth_covariance_equal",0.576
"growth_covariance_proportional",0.959
"growth_random_diagonal",0.715999999999999
"growth_variance_equal",0.345000000000001
"growth_membership",0.491
"growth_weights",0.34
"growth_vcov_robust",0.872999999999999
"growth_vcov_opg",0.799
"growth_refusal_poisson_random",0
"growth_refusal_observation_level",0
"growth_multilevel",2.104
"growth_multilevel_one_class",2.39
"growth_refusal_cluster_weights",0
"reg_negative_binomial",1.564
"reg_negative_binomial_group",0.489
"reg_ordinal_group",0.356
"reg_ordinal_common",3.35
"reg_ordinal_two_level",0.907
"reg_ordinal_refusal_two_categories",0.000999999999999446
