"case","family","between_variance","quantity","latents","latent_gold","difference","tolerance","agree"
"g01","additive","varying","parameter count",6,6,0,0,TRUE
"g01","additive","varying","log likelihood",-1524.52187375348,-1524.5242,0.00232624652380764,1e-04,FALSE
"g01","additive","varying","group posteriors",NA,NA,0.0185013324538693,0.001,FALSE
"g02","additive","equal","parameter count",5,5,0,0,TRUE
"g02","additive","equal","log likelihood",-1510.24988203449,-1510.2499,1.79655107785948e-05,1e-04,TRUE
"g02","additive","equal","group posteriors",NA,NA,2.78560138067263e-06,0.001,TRUE
"g03","dispersion","equal","parameter count",5,5,0,0,TRUE
"g03","dispersion","equal","log likelihood",-1618.32309555255,-1618.3232,0.000104447446346967,1e-04,FALSE
"g03","dispersion","equal","group posteriors",NA,NA,1.16915585415267e-05,0.001,TRUE
"g04","additive_dispersion","varying","parameter count",7,7,0,0,TRUE
"g04","additive_dispersion","varying","log likelihood",-1587.89777326359,-1587.8978,2.67364105184242e-05,1e-04,TRUE
"g04","additive_dispersion","varying","group posteriors",NA,NA,4.96681213602024e-07,0.001,TRUE
"g05","additive_dispersion","equal","parameter count",6,6,0,0,TRUE
"g05","additive_dispersion","equal","log likelihood",-1580.95122701376,-1580.9512,2.7013763656214e-05,1e-04,TRUE
"g05","additive_dispersion","equal","group posteriors",NA,NA,3.77724324723827e-06,0.001,TRUE
"g06","additive","varying","parameter count",9,9,0,0,TRUE
"g06","additive","varying","log likelihood",-1673.75546782105,-1673.7556,0.000132178947751527,1e-04,FALSE
"g06","additive","varying","group posteriors",NA,NA,0.000224185774413965,0.001,TRUE
"g07","additive","varying","parameter count",11,11,0,0,TRUE
"g07","additive","varying","log likelihood",-3118.09297009386,-3118.1614,0.0684299061390448,1e-04,FALSE
"g07","additive","varying","group posteriors",NA,NA,0.0190918670376556,0.001,FALSE
"g08","dispersion","equal","parameter count",9,9,0,0,TRUE
"g08","dispersion","equal","log likelihood",-3080.96423995472,-3080.7368,0.227439954719102,1e-04,FALSE
"g08","dispersion","equal","group posteriors",NA,NA,0.0284400658703076,0.001,FALSE
